utc,madrid,dia_semana,objetivo,resultado,huecos_libres,ultimo_dia_agenda,error
2026-09-28 22:29,2026-09-29 00:29,mar,A,ok,0,2026-10-04,
2026-09-29 03:24,2026-09-29 05:24,mar,A,ok,0,2026-10-04,
2026-09-29 07:33,2026-09-29 09:33,mar,A,ok,0,2026-10-04,
2026-09-29 11:01,2026-09-29 13:01,mar,A,ok,0,2026-10-04,
2026-09-29 11:10,2026-09-29 13:10,mar,A,ok,0,2026-10-04,
2026-09-29 11:20,2026-09-29 13:20,mar,A,ok,0,2026-10-04,
2026-09-29 11:30,2026-09-29 13:30,mar,A,ok,0,2026-10-04,
2026-09-29 11:40,2026-09-29 13:40,mar,A,ok,0,2026-10-04,
2026-09-29 11:50,2026-09-29 13:50,mar,A,ok,0,2026-10-04,
2026-09-29 12:01,2026-09-29 14:01,mar,A,ok,0,2026-10-04,
2026-09-29 12:10,2026-09-29 14:10,mar,A,ok,0,2026-10-04,
2026-09-29 12:20,2026-09-29 14:20,mar,A,ok,0,2026-10-04,
2026-09-29 12:30,2026-09-29 14:30,mar,A,ok,0,2026-10-04,
2026-09-29 12:40,2026-09-29 14:40,mar,A,ok,0,2026-10-04,
2026-09-29 12:50,2026-09-29 14:50,mar,A,ok,0,2026-10-04,
2026-09-29 13:01,2026-09-29 15:01,mar,A,ok,0,2026-10-04,
2026-09-29 13:10,2026-09-29 15:10,mar,A,ok,0,2026-10-04,
2026-09-29 13:20,2026-09-29 15:20,mar,A,ok,0,2026-10-04,
2026-09-29 13:30,2026-09-29 15:30,mar,A,ok,0,2026-10-04,
2026-09-29 13:40,2026-09-29 15:40,mar,A,ok,0,2026-10-04,
